{
    "gaussian_noise": [
        86.65874901029295,
        71.48851939825812,
        59.41409342834521,
        49.84164687252573,
        42.652414885193984
    ],
    "salt_pepper": [
        77.50593824228028,
        68.21852731591449,
        61.559778305621535,
        57.110055423594616,
        53.31749802058591
    ],
    "brightness": [
        93.57878068091844,
        93.16706254948535,
        92.541567695962,
        91.52019002375297,
        89.37450514647664
    ],
    "contrast": [
        93.60253365003959,
        93.1908155186065,
        92.56532066508314,
        91.50435471100555,
        88.13935075217735
    ],
    "rotation": [
        93.46793349168647,
        92.96912114014252,
        92.43072050673001,
        91.52019002375297,
        89.78622327790974
    ],
    "occlusion": [
        88.56690419635788,
        83.63420427553444,
        77.1575613618369,
        67.7513855898654,
        56.11243072050673
    ]
}