{
    "robustness": {
        "gaussian_noise": [
            66.86561561561561,
            66.22747747747748,
            60.28903903903904,
            51.63288288288288,
            43.348348348348345
        ],
        "salt_pepper": [
            63.719969969969966,
            60.150150150150154,
            56.951951951951955,
            53.55855855855856,
            49.77102102102102
        ],
        "brightness": [
            65.76951951951952,
            64.90615615615616,
            63.11186186186186,
            60.01501501501502,
            56.482732732732735
        ],
        "contrast": [
            65.91216216216216,
            65.19894894894895,
            63.78378378378378,
            61.362612612612615,
            58.310810810810814
        ],
        "rotation": [
            65.82582582582583,
            64.80105105105105,
            63.746246246246244,
            62.17717717717718,
            60.003753753753756
        ],
        "occlusion": [
            62.4024024024024,
            58.445945945945944,
            53.88513513513514,
            47.34234234234234,
            39.200450450450454
        ]
    },
    "performance": {
        "throughput_images_per_sec": 1476.447765169769,
        "latency_ms_per_image": 0.6773013062775135,
        "model_size_mb": 4.4685564041137695
    }
}