{
    "0": {
        "precision": 1.0,
        "recall": 1.0,
        "f1-score": 1.0,
        "support": 22.0
    },
    "1": {
        "precision": 0.9955357142857143,
        "recall": 0.9911111111111112,
        "f1-score": 0.9933184855233853,
        "support": 225.0
    },
    "2": {
        "precision": 1.0,
        "recall": 1.0,
        "f1-score": 1.0,
        "support": 225.0
    },
    "3": {
        "precision": 1.0,
        "recall": 1.0,
        "f1-score": 1.0,
        "support": 144.0
    },
    "4": {
        "precision": 0.9949494949494949,
        "recall": 0.9949494949494949,
        "f1-score": 0.9949494949494949,
        "support": 198.0
    },
    "5": {
        "precision": 1.0,
        "recall": 1.0,
        "f1-score": 1.0,
        "support": 189.0
    },
    "6": {
        "precision": 1.0,
        "recall": 1.0,
        "f1-score": 1.0,
        "support": 45.0
    },
    "7": {
        "precision": 1.0,
        "recall": 1.0,
        "f1-score": 1.0,
        "support": 144.0
    },
    "8": {
        "precision": 0.993103448275862,
        "recall": 1.0,
        "f1-score": 0.9965397923875432,
        "support": 144.0
    },
    "9": {
        "precision": 1.0,
        "recall": 1.0,
        "f1-score": 1.0,
        "support": 149.0
    },
    "10": {
        "precision": 1.0,
        "recall": 1.0,
        "f1-score": 1.0,
        "support": 202.0
    },
    "11": {
        "precision": 1.0,
        "recall": 1.0,
        "f1-score": 1.0,
        "support": 135.0
    },
    "12": {
        "precision": 1.0,
        "recall": 1.0,
        "f1-score": 1.0,
        "support": 212.0
    },
    "13": {
        "precision": 1.0,
        "recall": 1.0,
        "f1-score": 1.0,
        "support": 216.0
    },
    "14": {
        "precision": 1.0,
        "recall": 1.0,
        "f1-score": 1.0,
        "support": 81.0
    },
    "15": {
        "precision": 1.0,
        "recall": 1.0,
        "f1-score": 1.0,
        "support": 63.0
    },
    "16": {
        "precision": 1.0,
        "recall": 1.0,
        "f1-score": 1.0,
        "support": 45.0
    },
    "17": {
        "precision": 0.9912280701754386,
        "recall": 1.0,
        "f1-score": 0.9955947136563876,
        "support": 113.0
    },
    "18": {
        "precision": 0.9918032786885246,
        "recall": 1.0,
        "f1-score": 0.9958847736625515,
        "support": 121.0
    },
    "19": {
        "precision": 1.0,
        "recall": 1.0,
        "f1-score": 1.0,
        "support": 23.0
    },
    "20": {
        "precision": 1.0,
        "recall": 0.9722222222222222,
        "f1-score": 0.9859154929577465,
        "support": 36.0
    },
    "21": {
        "precision": 1.0,
        "recall": 1.0,
        "f1-score": 1.0,
        "support": 36.0
    },
    "22": {
        "precision": 1.0,
        "recall": 1.0,
        "f1-score": 1.0,
        "support": 41.0
    },
    "23": {
        "precision": 1.0,
        "recall": 1.0,
        "f1-score": 1.0,
        "support": 54.0
    },
    "24": {
        "precision": 1.0,
        "recall": 1.0,
        "f1-score": 1.0,
        "support": 27.0
    },
    "25": {
        "precision": 1.0,
        "recall": 0.9934640522875817,
        "f1-score": 0.9967213114754099,
        "support": 153.0
    },
    "26": {
        "precision": 1.0,
        "recall": 1.0,
        "f1-score": 1.0,
        "support": 63.0
    },
    "27": {
        "precision": 1.0,
        "recall": 1.0,
        "f1-score": 1.0,
        "support": 27.0
    },
    "28": {
        "precision": 1.0,
        "recall": 1.0,
        "f1-score": 1.0,
        "support": 54.0
    },
    "29": {
        "precision": 1.0,
        "recall": 1.0,
        "f1-score": 1.0,
        "support": 27.0
    },
    "30": {
        "precision": 1.0,
        "recall": 1.0,
        "f1-score": 1.0,
        "support": 45.0
    },
    "31": {
        "precision": 1.0,
        "recall": 1.0,
        "f1-score": 1.0,
        "support": 81.0
    },
    "32": {
        "precision": 1.0,
        "recall": 1.0,
        "f1-score": 1.0,
        "support": 27.0
    },
    "33": {
        "precision": 1.0,
        "recall": 1.0,
        "f1-score": 1.0,
        "support": 72.0
    },
    "34": {
        "precision": 1.0,
        "recall": 1.0,
        "f1-score": 1.0,
        "support": 45.0
    },
    "35": {
        "precision": 1.0,
        "recall": 1.0,
        "f1-score": 1.0,
        "support": 121.0
    },
    "36": {
        "precision": 1.0,
        "recall": 1.0,
        "f1-score": 1.0,
        "support": 40.0
    },
    "37": {
        "precision": 1.0,
        "recall": 1.0,
        "f1-score": 1.0,
        "support": 22.0
    },
    "38": {
        "precision": 1.0,
        "recall": 1.0,
        "f1-score": 1.0,
        "support": 207.0
    },
    "39": {
        "precision": 1.0,
        "recall": 1.0,
        "f1-score": 1.0,
        "support": 32.0
    },
    "40": {
        "precision": 1.0,
        "recall": 1.0,
        "f1-score": 1.0,
        "support": 36.0
    },
    "41": {
        "precision": 1.0,
        "recall": 1.0,
        "f1-score": 1.0,
        "support": 27.0
    },
    "42": {
        "precision": 1.0,
        "recall": 1.0,
        "f1-score": 1.0,
        "support": 27.0
    },
    "accuracy": 0.9987487487487487,
    "macro avg": {
        "precision": 0.9992237210784892,
        "recall": 0.9988778344318701,
        "f1-score": 0.9990447456886632,
        "support": 3996.0
    },
    "weighted avg": {
        "precision": 0.9987536038331195,
        "recall": 0.9987487487487487,
        "f1-score": 0.9987472392405217,
        "support": 3996.0
    },
    "balanced_accuracy": 0.9988778344318701
}