{
    "throughput_images_per_sec": 1476.447765169769,
    "latency_ms_per_image": 0.6773013062775135,
    "model_size_mb": 4.4685564041137695
}