{
    "gaussian_noise": [
        93.85510510510511,
        67.8903903903904,
        45.07132132132132,
        28.38213213213213,
        18.04804804804805
    ],
    "salt_pepper": [
        86.4602102102102,
        70.58558558558559,
        58.17192192192192,
        47.961711711711715,
        38.119369369369366
    ],
    "brightness": [
        99.9512012012012,
        99.94744744744744,
        99.89489489489489,
        99.54954954954955,
        98.1006006006006
    ],
    "contrast": [
        99.94744744744744,
        99.94369369369369,
        99.9024024024024,
        99.45945945945945,
        96.56531531531532
    ],
    "rotation": [
        99.95495495495496,
        99.94744744744744,
        99.93618618618619,
        99.86111111111111,
        99.43318318318319
    ],
    "occlusion": [
        96.8506006006006,
        92.92042042042043,
        86.55405405405405,
        79.08783783783784,
        67.08708708708708
    ]
}