{
    "fold_accuracies": [
        99.90615615615616,
        99.81231231231232,
        99.84984984984985,
        99.84984984984985,
        99.756006006006
    ],
    "mean_accuracy": 99.83483483483485,
    "std_accuracy": 0.049515412756280124,
    "avg_fold_time": 1329.688811635971,
    "args": {
        "k_folds": 5,
        "batch_size": 128,
        "epochs": 20,
        "random_state": 42
    }
}