{
    "robustness": {
        "gaussian_noise": [
            85.42359461599366,
            60.24544734758511,
            39.47743467933492,
            25.201900237529692,
            16.524148851939827
        ],
        "salt_pepper": [
            76.47664291369755,
            61.979414093428346,
            50.43547110055424,
            42.34362628661916,
            34.32304038004751
        ],
        "brightness": [
            94.89311163895486,
            94.36262866191608,
            93.81631037212985,
            93.00870942201108,
            91.33808392715756
        ],
        "contrast": [
            94.84560570071258,
            94.63182897862232,
            94.10926365795724,
            92.94536817102137,
            89.69912905779888
        ],
        "rotation": [
            94.81393507521774,
            94.51306413301663,
            93.8479809976247,
            92.87410926365796,
            91.40142517814726
        ],
        "occlusion": [
            90.1821060965954,
            85.28899445764054,
            78.19477434679335,
            68.84402216943785,
            56.26286619160729
        ]
    },
    "performance": {
        "throughput_images_per_sec": 4569.929731289065,
        "latency_ms_per_image": 0.21882174536585808,
        "model_size_mb": 4.4685564041137695
    }
}