{
    "0": {
        "precision": 1.0,
        "recall": 0.5833333333333334,
        "f1-score": 0.7368421052631579,
        "support": 60.0
    },
    "1": {
        "precision": 0.8929471032745592,
        "recall": 0.9847222222222223,
        "f1-score": 0.9365918097754293,
        "support": 720.0
    },
    "2": {
        "precision": 0.9644268774703557,
        "recall": 0.976,
        "f1-score": 0.9701789264413518,
        "support": 750.0
    },
    "3": {
        "precision": 0.9587852494577006,
        "recall": 0.9822222222222222,
        "f1-score": 0.9703622392974753,
        "support": 450.0
    },
    "4": {
        "precision": 0.9658385093167702,
        "recall": 0.9424242424242424,
        "f1-score": 0.9539877300613497,
        "support": 660.0
    },
    "5": {
        "precision": 0.8794117647058823,
        "recall": 0.9492063492063492,
        "f1-score": 0.9129770992366413,
        "support": 630.0
    },
    "6": {
        "precision": 1.0,
        "recall": 0.8466666666666667,
        "f1-score": 0.9169675090252708,
        "support": 150.0
    },
    "7": {
        "precision": 0.9660194174757282,
        "recall": 0.8844444444444445,
        "f1-score": 0.9234338747099768,
        "support": 450.0
    },
    "8": {
        "precision": 0.9655172413793104,
        "recall": 0.9333333333333333,
        "f1-score": 0.9491525423728814,
        "support": 450.0
    },
    "9": {
        "precision": 0.9774590163934426,
        "recall": 0.99375,
        "f1-score": 0.9855371900826446,
        "support": 480.0
    },
    "10": {
        "precision": 0.995398773006135,
        "recall": 0.9833333333333333,
        "f1-score": 0.989329268292683,
        "support": 660.0
    },
    "11": {
        "precision": 0.9040767386091128,
        "recall": 0.8976190476190476,
        "f1-score": 0.9008363201911589,
        "support": 420.0
    },
    "12": {
        "precision": 0.9941002949852508,
        "recall": 0.9768115942028985,
        "f1-score": 0.9853801169590644,
        "support": 690.0
    },
    "13": {
        "precision": 0.9862448418156808,
        "recall": 0.9958333333333333,
        "f1-score": 0.9910158949550795,
        "support": 720.0
    },
    "14": {
        "precision": 1.0,
        "recall": 1.0,
        "f1-score": 1.0,
        "support": 270.0
    },
    "15": {
        "precision": 0.9858490566037735,
        "recall": 0.9952380952380953,
        "f1-score": 0.990521327014218,
        "support": 210.0
    },
    "16": {
        "precision": 0.993006993006993,
        "recall": 0.9466666666666667,
        "f1-score": 0.9692832764505119,
        "support": 150.0
    },
    "17": {
        "precision": 0.9944598337950139,
        "recall": 0.9972222222222222,
        "f1-score": 0.9958391123439667,
        "support": 360.0
    },
    "18": {
        "precision": 0.9794721407624634,
        "recall": 0.8564102564102564,
        "f1-score": 0.9138166894664843,
        "support": 390.0
    },
    "19": {
        "precision": 0.9661016949152542,
        "recall": 0.95,
        "f1-score": 0.957983193277311,
        "support": 60.0
    },
    "20": {
        "precision": 0.6875,
        "recall": 0.9777777777777777,
        "f1-score": 0.8073394495412844,
        "support": 90.0
    },
    "21": {
        "precision": 0.90625,
        "recall": 0.6444444444444445,
        "f1-score": 0.7532467532467533,
        "support": 90.0
    },
    "22": {
        "precision": 0.972972972972973,
        "recall": 0.9,
        "f1-score": 0.935064935064935,
        "support": 120.0
    },
    "23": {
        "precision": 0.8563218390804598,
        "recall": 0.9933333333333333,
        "f1-score": 0.9197530864197531,
        "support": 150.0
    },
    "24": {
        "precision": 0.9555555555555556,
        "recall": 0.9555555555555556,
        "f1-score": 0.9555555555555556,
        "support": 90.0
    },
    "25": {
        "precision": 0.9311740890688259,
        "recall": 0.9583333333333334,
        "f1-score": 0.944558521560575,
        "support": 480.0
    },
    "26": {
        "precision": 0.9375,
        "recall": 1.0,
        "f1-score": 0.967741935483871,
        "support": 180.0
    },
    "27": {
        "precision": 0.6956521739130435,
        "recall": 0.5333333333333333,
        "f1-score": 0.6037735849056604,
        "support": 60.0
    },
    "28": {
        "precision": 0.89171974522293,
        "recall": 0.9333333333333333,
        "f1-score": 0.9120521172638436,
        "support": 150.0
    },
    "29": {
        "precision": 0.8490566037735849,
        "recall": 1.0,
        "f1-score": 0.9183673469387755,
        "support": 90.0
    },
    "30": {
        "precision": 0.6694214876033058,
        "recall": 0.54,
        "f1-score": 0.5977859778597786,
        "support": 150.0
    },
    "31": {
        "precision": 0.9343065693430657,
        "recall": 0.9481481481481482,
        "f1-score": 0.9411764705882353,
        "support": 270.0
    },
    "32": {
        "precision": 0.7058823529411765,
        "recall": 1.0,
        "f1-score": 0.8275862068965517,
        "support": 60.0
    },
    "33": {
        "precision": 0.9457013574660633,
        "recall": 0.9952380952380953,
        "f1-score": 0.9698375870069605,
        "support": 210.0
    },
    "34": {
        "precision": 0.9444444444444444,
        "recall": 0.9916666666666667,
        "f1-score": 0.967479674796748,
        "support": 120.0
    },
    "35": {
        "precision": 0.9923273657289002,
        "recall": 0.9948717948717949,
        "f1-score": 0.9935979513444302,
        "support": 390.0
    },
    "36": {
        "precision": 0.975,
        "recall": 0.975,
        "f1-score": 0.975,
        "support": 120.0
    },
    "37": {
        "precision": 0.875,
        "recall": 0.9333333333333333,
        "f1-score": 0.9032258064516129,
        "support": 60.0
    },
    "38": {
        "precision": 0.9910846953937593,
        "recall": 0.9666666666666667,
        "f1-score": 0.9787234042553191,
        "support": 690.0
    },
    "39": {
        "precision": 0.9861111111111112,
        "recall": 0.7888888888888889,
        "f1-score": 0.8765432098765432,
        "support": 90.0
    },
    "40": {
        "precision": 0.9777777777777777,
        "recall": 0.9777777777777777,
        "f1-score": 0.9777777777777777,
        "support": 90.0
    },
    "41": {
        "precision": 0.9782608695652174,
        "recall": 0.75,
        "f1-score": 0.8490566037735849,
        "support": 60.0
    },
    "42": {
        "precision": 1.0,
        "recall": 1.0,
        "f1-score": 1.0,
        "support": 90.0
    },
    "accuracy": 0.9490102929532859,
    "macro avg": {
        "precision": 0.9308868966961773,
        "recall": 0.9170451126879337,
        "f1-score": 0.9191925623680279,
        "support": 12630.0
    },
    "weighted avg": {
        "precision": 0.9508492262571264,
        "recall": 0.9490102929532859,
        "f1-score": 0.9482499460912855,
        "support": 12630.0
    },
    "balanced_accuracy": 0.9170451126879337
}