{
    "gaussian_noise": [
        85.27315914489311,
        60.16627078384798,
        39.41409342834521,
        25.15439429928741,
        16.737925574030086
    ],
    "salt_pepper": [
        76.75376088677751,
        61.797307996832934,
        50.17418844022169,
        41.670625494853525,
        33.69754552652415
    ],
    "brightness": [
        94.82977038796517,
        94.52098178939033,
        93.91132224861441,
        93.09580364212194,
        91.3618368962787
    ],
    "contrast": [
        94.90894695170229,
        94.56057007125891,
        94.0221694378464,
        92.90577988915281,
        89.39034045922406
    ],
    "rotation": [
        94.86935866983373,
        94.52098178939033,
        93.94299287410927,
        93.23040380047506,
        91.61520190023752
    ],
    "occlusion": [
        89.79414093428345,
        85.27315914489311,
        78.21852731591449,
        68.756927949327,
        56.587490102929536
    ]
}